<?xml version="1.0"?>
<opencv_storage>
<my_svm type_id="opencv-ml-svm">
  <svm_type>C_SVC</svm_type>
  <kernel><type>LINEAR</type></kernel>
  <C>1.0000000000000001e-001</C>
  <term_criteria><epsilon>9.9999999747524271e-007</epsilon>
    <iterations>100000</iterations></term_criteria>
  <var_all>2</var_all>
  <var_count>2</var_count>
  <class_count>2</class_count>
  <class_labels type_id="opencv-matrix">
    <rows>1</rows>
    <cols>2</cols>
    <dt>i</dt>
    <data>
      -1 1</data></class_labels>
  <sv_total>1</sv_total>
  <support_vectors>
    <_>
      1.07337888e-002 6.72270171e-003</_></support_vectors>
  <decision_functions>
    <_>
      <sv_count>1</sv_count>
      <rho>4.4493350398844624e+000</rho>
      <alpha>
        1.</alpha>
      <index>
        0</index></_></decision_functions></my_svm>
</opencv_storage>
